time_ms,th_qw,th_qx,th_qy,th_qz,th_ax_g,th_ay_g,th_az_g,th_gx_dps,th_gy_dps,th_gz_dps,sh_qw,sh_qx,sh_qy,sh_qz,sh_ax_g,sh_ay_g,sh_az_g,sh_gx_dps,sh_gy_dps,sh_gz_dps,knee_deg,force_raw,stance,stride_length_m,velocity_mps,cadence_spm,stance_time_s,swing_time_s
297412,0.584405,-0.707142,0.162323,-0.363416,0.917725,0.293701,0.339844,24.214,5.466,3.954,-0.306938,0.174590,-0.051322,0.934170,-0.971680,0.028809,0.213623,-16.466,-5.649,-4.740,33.154,24,1,0.000,0.000,0.0,0.000,0.000
297422,0.585864,-0.705606,0.161572,-0.364387,0.918457,0.293457,0.340332,24.611,5.260,3.931,-0.306530,0.174442,-0.052687,0.934256,-0.972168,0.031250,0.212891,-15.794,-5.809,-4.290,32.419,20,1,0.000,0.000,0.0,0.000,0.000
297432,0.587364,-0.704041,0.160818,-0.365332,0.914795,0.291260,0.343262,25.038,5.099,4.321,-0.306118,0.174278,-0.054032,0.934345,-0.970215,0.031494,0.216309,-15.542,-5.695,-4.405,32.031,25,1,0.000,0.000,0.0,0.000,0.000
297442,0.588867,-0.702499,0.160049,-0.366219,0.915527,0.295410,0.352295,24.817,4.450,4.519,-0.305727,0.174131,-0.055382,0.934421,-0.967773,0.033691,0.215576,-15.664,-5.893,-4.153,31.098,21,1,0.000,0.000,0.0,0.000,0.000
297452,0.590338,-0.700972,0.159260,-0.367117,0.921875,0.286621,0.348877,24.550,4.427,4.206,-0.305335,0.173950,-0.056766,0.934499,-0.968994,0.033203,0.217529,-15.908,-5.397,-4.115,30.726,25,1,0.000,0.000,0.0,0.000,0.000
297462,0.591764,-0.699460,0.158519,-0.368025,0.920654,0.289307,0.347412,23.901,4.885,4.336,-0.304922,0.173773,-0.058200,0.934579,-0.971924,0.031494,0.214355,-16.473,-5.252,-4.298,31.427,21,1,0.000,0.000,0.0,0.000,0.000
297472,0.593171,-0.697968,0.157785,-0.368907,0.922119,0.284424,0.340332,23.550,4.718,4.542,-0.304506,0.173627,-0.059638,0.934652,-0.968994,0.033936,0.215820,-16.679,-5.573,-4.328,30.950,25,1,0.000,0.000,0.0,0.000,0.000
297482,0.594585,-0.696454,0.157034,-0.369812,0.921631,0.280273,0.333008,23.885,4.893,4.389,-0.304087,0.173443,-0.061120,0.934726,-0.968994,0.034668,0.204834,-17.008,-5.015,-4.290,30.479,33,1,0.000,0.000,0.0,0.000,0.000
297492,0.596079,-0.694868,0.156276,-0.370711,0.915527,0.281982,0.337158,24.977,4.992,4.824,-0.303688,0.173284,-0.062556,0.934790,-0.969727,0.032471,0.209717,-16.565,-5.458,-4.183,31.106,24,1,0.000,0.000,0.0,0.000,0.000
297502,0.597649,-0.693232,0.155478,-0.371581,0.917969,0.283203,0.331787,26.053,4.611,5.183,-0.303290,0.173130,-0.064037,0.934848,-0.967529,0.029541,0.212158,-17.046,-5.374,-4.115,32.556,25,1,0.000,0.000,0.0,0.000,0.000
297512,0.599246,-0.691562,0.154654,-0.372463,0.915039,0.282715,0.344238,26.550,4.618,5.015,-0.302865,0.172966,-0.065520,0.934913,-0.967529,0.028076,0.210449,-17.069,-5.221,-4.450,31.796,26,1,0.000,0.000,0.0,0.000,0.000
297522,0.600823,-0.689900,0.153839,-0.373341,0.919434,0.281250,0.336182,26.313,4.718,5.099,-0.302456,0.172802,-0.067004,0.934971,-0.968994,0.033447,0.211182,-17.130,-5.237,-4.275,30.916,33,1,0.000,0.000,0.0,0.000,0.000
297532,0.602380,-0.688226,0.153017,-0.374258,0.918945,0.281738,0.333740,26.321,5.084,4.756,-0.302035,0.172637,-0.068498,0.935029,-0.969238,0.028076,0.205811,-17.168,-5.183,-4.435,32.402,36,1,0.000,0.000,0.0,0.000,0.000
297542,0.603898,-0.686574,0.152208,-0.375173,0.923828,0.285400,0.344238,25.748,5.168,4.641,-0.301648,0.172490,-0.069977,0.935072,-0.972168,0.034912,0.210937,-17.130,-5.466,-4.061,30.264,35,1,0.000,0.000,0.0,0.000,0.000
297552,0.605414,-0.684947,0.151368,-0.376043,0.924072,0.279785,0.340088,25.603,4.527,4.725,-0.301253,0.172309,-0.071468,0.935119,-0.971436,0.036621,0.207275,-17.168,-5.046,-4.145,29.424,40,1,0.000,0.000,0.0,0.000,0.000
297562,0.606914,-0.683332,0.150502,-0.376910,0.927002,0.282227,0.342285,25.481,4.328,4.458,-0.300884,0.172131,-0.072936,0.935158,-0.971924,0.039307,0.211914,-16.931,-5.183,-3.901,28.999,39,1,0.000,0.000,0.0,0.000,0.000
297572,0.608438,-0.681702,0.149616,-0.377756,0.920898,0.280273,0.340332,25.794,4.084,4.618,-0.300491,0.171947,-0.074412,0.935202,-0.974121,0.039307,0.205566,-17.031,-5.061,-4.198,28.648,33,1,0.000,0.000,0.0,0.000,0.000
297582,0.609943,-0.680067,0.148762,-0.378613,0.924561,0.281006,0.345459,25.519,4.473,4.718,-0.300085,0.171803,-0.075892,0.935239,-0.970703,0.039063,0.205566,-17.252,-5.458,-4.366,28.367,31,1,0.000,0.000,0.0,0.000,0.000
297592,0.611456,-0.678410,0.147891,-0.379486,0.924072,0.283203,0.337158,25.870,4.618,4.611,-0.299662,0.171642,-0.077347,0.935286,-0.973389,0.031494,0.218506,-16.908,-5.351,-4.679,31.827,21,1,0.000,0.000,0.0,0.000,0.000
297602,0.612948,-0.676732,0.147079,-0.380390,0.922119,0.284668,0.336670,25.641,5.427,4.824,-0.299249,0.171491,-0.078779,0.935326,-0.965332,0.033691,0.213867,-16.695,-5.542,-4.626,31.263,14,1,0.000,0.000,0.0,0.000,0.000
297612,0.614406,-0.675069,0.146242,-0.381314,0.922852,0.289795,0.338623,25.374,5.435,4.313,-0.298845,0.171318,-0.080203,0.935366,-0.969727,0.030518,0.212891,-16.489,-5.336,-4.557,32.399,28,1,0.000,0.000,0.0,0.000,0.000
297622,0.615834,-0.673438,0.145389,-0.382220,0.924805,0.289551,0.333252,24.977,5.145,4.198,-0.298447,0.171135,-0.081612,0.935404,-0.971680,0.029297,0.212646,-16.275,-5.290,-4.557,33.142,24,1,0.000,0.000,0.0,0.000,0.000
297632,0.617212,-0.671861,0.144524,-0.383099,0.918701,0.284668,0.334229,24.176,4.718,4.000,-0.298067,0.170944,-0.082955,0.935442,-0.970947,0.031006,0.208008,-15.511,-5.435,-4.511,31.943,21,1,0.000,0.000,0.0,0.000,0.000
297642,0.618582,-0.670288,0.143639,-0.383977,0.921143,0.284180,0.328613,24.198,4.618,3.893,-0.297666,0.170744,-0.084342,0.935483,-0.964844,0.032471,0.205566,-16.015,-5.153,-4.679,31.877,24,1,0.000,0.000,0.0,0.000,0.000
297652,0.619929,-0.668745,0.142763,-0.384820,0.917969,0.285400,0.333496,23.641,4.344,4.038,-0.297281,0.170569,-0.085737,0.935510,-0.971924,0.029053,0.213867,-16.145,-5.443,-4.504,32.820,24,1,0.000,0.000,0.0,0.000,0.000
297662,0.621261,-0.667182,0.141894,-0.385706,0.922119,0.287598,0.334229,23.710,4.870,3.786,-0.296887,0.170376,-0.087124,0.935542,-0.969482,0.031738,0.209229,-16.053,-5.244,-4.634,32.086,24,1,0.000,0.000,0.0,0.000,0.000
297672,0.622577,-0.665608,0.141027,-0.386621,0.925049,0.287354,0.332275,23.695,5.221,3.573,-0.296496,0.170241,-0.088483,0.935563,-0.978516,0.031494,0.198730,-15.908,-5.985,-4.733,31.848,22,1,0.000,0.000,0.0,0.000,0.000
297682,0.623881,-0.664035,0.140147,-0.387543,0.926025,0.290283,0.332764,23.641,5.221,3.405,-0.296146,0.170091,-0.089804,0.935576,-0.971924,0.034180,0.211426,-15.458,-6.000,-4.328,31.916,21,1,0.000,0.000,0.0,0.000,0.000
297692,0.625159,-0.662477,0.139269,-0.388464,0.927734,0.286377,0.337158,23.282,5.237,3.290,-0.295791,0.169944,-0.091124,0.935587,-0.976562,0.032959,0.210693,-15.466,-6.023,-4.412,31.453,22,1,0.000,0.000,0.0,0.000,0.000
297702,0.626411,-0.660934,0.138407,-0.389383,0.928711,0.288818,0.336914,22.893,5.344,3.328,-0.295445,0.169760,-0.092419,0.935603,-0.972900,0.031738,0.213867,-15.046,-5.718,-4.366,32.164,19,1,0.000,0.000,0.0,0.000,0.000
297712,0.627625,-0.659422,0.137544,-0.390297,0.925049,0.285645,0.337158,22.344,5.252,3.145,-0.295095,0.169602,-0.093696,0.935615,-0.967773,0.032471,0.206055,-14.954,-6.046,-4.504,31.316,28,1,0.000,0.000,0.0,0.000,0.000
297722,0.628806,-0.657947,0.136682,-0.391186,0.916992,0.282471,0.335205,21.756,4.977,3.153,-0.294748,0.169444,-0.094991,0.935622,-0.973389,0.026855,0.208008,-15.076,-5.992,-4.458,32.764,20,1,0.000,0.000,0.0,0.000,0.000
297732,0.630003,-0.656469,0.135770,-0.392059,0.916260,0.289795,0.333740,22.107,4.534,2.969,-0.294397,0.169307,-0.096294,0.935624,-0.968262,0.034668,0.213379,-15.382,-6.191,-4.489,31.740,24,1,0.000,0.000,0.0,0.000,0.000
297742,0.631218,-0.654972,0.134863,-0.392922,0.919189,0.281494,0.338867,22.275,4.565,3.229,-0.294058,0.169172,-0.097613,0.935619,-0.970703,0.035889,0.210449,-15.542,-6.176,-4.336,30.038,20,1,0.000,0.000,0.0,0.000,0.000
297752,0.632469,-0.653431,0.133921,-0.393798,0.917725,0.281982,0.333008,23.053,4.611,3.153,-0.293718,0.169038,-0.098963,0.935608,-0.971924,0.031738,0.215820,-15.863,-6.084,-4.305,31.891,24,1,0.000,0.000,0.0,0.000,0.000
297762,0.633769,-0.651830,0.132996,-0.394672,0.921875,0.287598,0.338867,23.740,4.924,3.595,-0.293395,0.168889,-0.100296,0.935594,-0.974121,0.032471,0.199951,-15.565,-6.000,-4.183,31.097,17,1,0.000,0.000,0.0,0.000,0.000
297772,0.635077,-0.650224,0.132053,-0.395534,0.927246,0.290039,0.341553,23.870,4.748,3.603,-0.293079,0.168727,-0.101610,0.935581,-0.976562,0.037354,0.213623,-15.405,-5.924,-4.122,30.419,24,1,0.000,0.000,0.0,0.000,0.000
297782,0.636375,-0.648615,0.131157,-0.396388,0.922852,0.287354,0.347412,23.534,5.076,3.962,-0.292743,0.168556,-0.102935,0.935572,-0.973877,0.033936,0.208740,-15.481,-5.740,-4.366,30.361,20,1,0.000,0.000,0.0,0.000,0.000
297792,0.637638,-0.647039,0.130256,-0.397230,0.926025,0.279541,0.339844,23.046,4.916,3.908,-0.292398,0.168372,-0.104283,0.935564,-0.967529,0.037842,0.208984,-15.756,-5.519,-4.412,29.176,17,1,0.000,0.000,0.0,0.000,0.000
297802,0.638939,-0.645434,0.129320,-0.398055,0.920166,0.270264,0.336182,23.664,4.649,4.046,-0.292045,0.168168,-0.105635,0.935559,-0.967041,0.042480,0.206055,-15.802,-5.244,-4.504,27.148,17,1,0.000,0.000,0.0,0.000,0.000
297812,0.640282,-0.643796,0.128359,-0.398861,0.918213,0.270264,0.335205,24.275,4.458,4.275,-0.291680,0.168001,-0.107077,0.935539,-0.969727,0.037842,0.207031,-16.878,-5.366,-4.489,28.520,27,1,0.000,0.000,0.0,0.000,0.000
297822,0.641656,-0.642125,0.127387,-0.399656,0.921143,0.268799,0.330811,24.802,4.458,4.519,-0.291318,0.167822,-0.108527,0.935517,-0.969482,0.037598,0.210449,-16.939,-5.198,-4.466,28.966,20,1,0.000,0.000,0.0,0.000,0.000
297832,0.643140,-0.640359,0.126361,-0.400429,0.920898,0.274414,0.332031,26.496,4.198,4.931,-0.290929,0.167678,-0.109993,0.935492,-0.974365,0.036865,0.208496,-17.267,-5.496,-4.779,29.546,25,1,0.000,0.000,0.0,0.000,0.000
297842,0.644675,-0.638529,0.125344,-0.401203,0.922852,0.279053,0.337158,27.260,4.527,5.305,-0.290552,0.167519,-0.111460,0.935465,-0.969238,0.034180,0.210693,-17.191,-5.336,-4.672,30.399,18,1,0.000,0.000,0.0,0.000,0.000
297852,0.646226,-0.636660,0.124297,-0.402002,0.919678,0.284180,0.344482,27.756,4.656,4.985,-0.290161,0.167359,-0.112971,0.935433,-0.968750,0.031494,0.208740,-17.672,-5.168,-4.763,30.941,27,1,0.000,0.000,0.0,0.000,0.000
297862,0.647810,-0.634748,0.123251,-0.402798,0.920166,0.287598,0.340820,28.313,4.855,5.260,-0.289760,0.167216,-0.114499,0.935397,-0.969238,0.032471,0.207764,-17.947,-5.275,-4.878,31.276,20,1,0.000,0.000,0.0,0.000,0.000
297872,0.649369,-0.632857,0.122172,-0.403591,0.922363,0.287354,0.341309,28.107,4.565,4.947,-0.289366,0.167056,-0.116055,0.935356,-0.972900,0.026367,0.208740,-18.115,-5.023,-4.763,32.895,24,1,0.000,0.000,0.0,0.000,0.000
297882,0.650883,-0.630981,0.121101,-0.404411,0.923584,0.289307,0.335693,27.687,4.885,4.618,-0.288970,0.166882,-0.117592,0.935317,-0.968750,0.025635,0.205566,-17.855,-4.924,-4.847,33.647,26,1,0.000,0.000,0.0,0.000,0.000
297892,0.652337,-0.629169,0.120033,-0.405209,0.918457,0.293213,0.339355,26.672,4.550,4.420,-0.288574,0.166693,-0.119151,0.935276,-0.967529,0.026367,0.211914,-18.084,-4.679,-4.802,33.735,20,1,0.000,0.000,0.0,0.000,0.000
297902,0.653765,-0.627362,0.118977,-0.406020,0.920898,0.293945,0.339355,26.389,4.809,4.305,-0.288170,0.166475,-0.120668,0.935245,-0.969971,0.025146,0.213379,-17.534,-4.466,-5.008,34.177,24,1,0.000,0.000,0.0,0.000,0.000

509154,-0.354683,-0.653042,0.046178,-0.667535,0.402588,-0.063232,0.934326,24.420,5.183,3.893,-0.688837,0.314432,-0.052646,-0.651048,-0.950928,0.246582,0.195801,-12.122,-6.824,-4.679,-55.420,0,1,0.000,0.000,0.0,0.000,0.000
509164,-0.353162,-0.652992,0.044877,-0.668479,0.414062,-0.065186,0.945801,24.893,5.191,3.855,-0.688273,0.315347,-0.052406,-0.651222,-0.958496,0.271973,0.228027,-15.878,-5.672,-3.412,-53.966,0,1,0.000,0.000,0.0,0.000,0.000
509174,-0.351623,-0.652925,0.043563,-0.669442,0.418945,-0.067383,0.937744,25.076,5.519,3.931,-0.687599,0.316454,-0.052036,-0.651426,-0.967529,0.256348,0.218994,-18.527,-5.435,-2.878,-53.603,5,1,0.000,0.000,0.0,0.000,0.000
509183,-0.350089,-0.652820,0.042281,-0.670430,0.418457,-0.073242,0.932129,24.649,5.870,4.191,-0.686966,0.317602,-0.051544,-0.651576,-0.965088,0.216309,0.197754,-19.008,-6.191,-3.901,-52.059,18,1,0.000,0.000,0.0,0.000,0.000
509194,-0.348590,-0.652687,0.041045,-0.671416,0.416504,-0.073975,0.922119,23.931,5.901,4.260,-0.686422,0.318592,-0.051015,-0.651706,-0.953369,0.207520,0.183350,-17.565,-7.710,-4.740,-53.125,29,1,0.000,0.000,0.0,0.000,0.000
509204,-0.347109,-0.652574,0.039797,-0.672368,0.407227,-0.073486,0.921387,23.939,5.557,3.924,-0.685948,0.319499,-0.050574,-0.651796,-0.942871,0.207520,0.179443,-15.977,-7.496,-5.237,-53.710,24,1,0.000,0.000,0.0,0.000,0.000
509213,-0.345620,-0.652455,0.038553,-0.673322,0.401367,-0.066406,0.921387,23.931,5.580,4.099,-0.685476,0.320322,-0.050224,-0.651915,-0.936035,0.233398,0.189941,-15.038,-7.321,-4.824,-54.983,13,1,0.000,0.000,0.0,0.000,0.000
509224,-0.344085,-0.652371,0.037269,-0.674261,0.402832,-0.063477,0.919678,24.725,5.321,4.099,-0.684950,0.321238,-0.049898,-0.652043,-0.937744,0.238525,0.190186,-15.840,-6.389,-4.351,-55.382,8,1,0.000,0.000,0.0,0.000,0.000
509233,-0.342533,-0.652296,0.035957,-0.675195,0.401855,-0.055908,0.921387,25.092,5.298,4.053,-0.684377,0.322203,-0.049556,-0.652194,-0.948730,0.234375,0.195312,-16.489,-6.221,-3.916,-53.667,7,1,0.000,0.000,0.0,0.000,0.000
509243,-0.340964,-0.652214,0.034632,-0.676137,0.402588,-0.057129,0.927246,25.290,5.466,4.130,-0.683813,0.323148,-0.049225,-0.652343,-0.949707,0.221191,0.193115,-16.053,-6.351,-3.908,-52.402,5,1,0.000,0.000,0.0,0.000,0.000
509254,-0.339466,-0.652100,0.033365,-0.677063,0.404541,-0.057617,0.927734,24.191,5.389,3.947,-0.683292,0.324026,-0.048913,-0.652478,-0.956787,0.213623,0.187012,-15.061,-6.733,-4.206,-52.354,0,1,0.000,0.000,0.0,0.000,0.000
509264,-0.338019,-0.651959,0.032136,-0.677982,0.406250,-0.062744,0.935059,23.397,5.427,3.794,-0.682799,0.324828,-0.048648,-0.652614,-0.954102,0.220947,0.194336,-14.160,-6.863,-4.260,-52.505,17,1,0.000,0.000,0.0,0.000,0.000
509274,-0.336567,-0.651818,0.030961,-0.678894,0.404785,-0.070068,0.933838,23.015,5.168,4.160,-0.682346,0.325599,-0.048428,-0.652720,-0.944336,0.227539,0.194092,-13.519,-6.588,-4.679,-53.827,35,1,0.000,0.000,0.0,0.000,0.000
509284,-0.335110,-0.651698,0.029717,-0.679785,0.404785,-0.070068,0.929932,23.664,5.122,3.580,-0.681851,0.326401,-0.048219,-0.652852,-0.943604,0.232178,0.178223,-13.786,-6.366,-4.130,-56.799,86,1,0.000,0.000,0.0,0.000,0.000
509294,-0.333626,-0.651602,0.028449,-0.680661,0.402100,-0.075684,0.926514,24.130,4.908,3.511,-0.681337,0.327258,-0.048076,-0.652971,-0.941650,0.228516,0.130615,-13.405,-5.565,-3.756,-64.918,53,1,0.000,0.000,0.0,0.000,0.000
509304,-0.332109,-0.651535,0.027184,-0.681519,0.405518,-0.074463,0.921387,24.473,4.519,3.702,-0.680728,0.328252,-0.047880,-0.653122,-0.939941,0.253174,0.161865,-15.733,-4.763,-3.275,-62.028,24,1,0.000,0.000,0.0,0.000,0.000
509313,-0.330613,-0.651432,0.025969,-0.682391,0.407471,-0.077148,0.921875,23.786,4.725,3.947,-0.680019,0.329366,-0.047571,-0.653322,-0.935059,0.265381,0.189209,-18.275,-4.649,-2.779,-59.296,0,1,0.000,0.000,0.0,0.000,0.000
509324,-0.329126,-0.651313,0.024748,-0.683268,0.408447,-0.075928,0.924072,23.718,4.901,3.855,-0.679219,0.330699,-0.047116,-0.653513,-0.946533,0.256836,0.230469,-21.595,-3.916,-2.931,-52.794,0,1,0.000,0.000,0.0,0.000,0.000
509333,-0.327600,-0.651154,0.023545,-0.684194,0.419922,-0.084961,0.934570,23.733,5.519,4.420,-0.678444,0.331998,-0.046540,-0.653701,-0.965332,0.230713,0.244629,-21.901,-5.229,-3.534,-48.518,0,1,0.000,0.000,0.0,0.000,0.000
509344,-0.326062,-0.651018,0.022339,-0.685099,0.429932,-0.084473,0.942871,23.924,5.176,4.382,-0.677785,0.333124,-0.045981,-0.653851,-0.977295,0.205078,0.233643,-19.580,-6.511,-4.443,-46.394,0,1,0.000,0.000,0.0,0.000,0.000
509354,-0.324509,-0.650866,0.021105,-0.686019,0.422363,-0.084961,0.929687,24.198,5.511,4.351,-0.677314,0.333967,-0.045567,-0.653938,-0.971436,0.193359,0.201416,-15.183,-7.527,-5.527,-49.052,31,1,0.000,0.000,0.0,0.000,0.000
509363,-0.322930,-0.650756,0.019802,-0.686906,0.412598,-0.077148,0.931396,25.076,5.176,4.008,-0.676935,0.334582,-0.045302,-0.654035,-0.961670,0.206543,0.183838,-12.008,-8.137,-5.504,-53.064,45,1,0.000,0.000,0.0,0.000,0.000
509374,-0.321322,-0.650641,0.018477,-0.687806,0.407471,-0.068848,0.932373,25.443,5.366,4.206,-0.676577,0.335125,-0.045180,-0.654136,-0.955078,0.228760,0.177979,-10.511,-7.473,-5.137,-56.340,45,1,0.000,0.000,0.0,0.000,0.000
509384,-0.319758,-0.650510,0.017169,-0.688692,0.404541,-0.069092,0.931396,24.901,5.344,3.939,-0.676138,0.335771,-0.045048,-0.654267,-0.948730,0.250244,0.191406,-12.046,-6.649,-4.534,-56.831,23,1,0.000,0.000,0.0,0.000,0.000
509394,-0.318188,-0.650380,0.015888,-0.689572,0.402344,-0.070801,0.932861,24.740,5.183,4.168,-0.675613,0.336603,-0.044771,-0.654401,-0.946289,0.258301,0.188721,-14.992,-6.298,-4.557,-58.187,8,1,0.000,0.000,0.0,0.000,0.000
509404,-0.316616,-0.650207,0.014657,-0.690486,0.404053,-0.071533,0.935303,24.214,5.588,4.679,-0.675033,0.337544,-0.044367,-0.654543,-0.945068,0.244385,0.196289,-16.916,-6.481,-4.634,-55.602,0,1,0.000,0.000,0.0,0.000,0.000
509414,-0.315072,-0.650025,0.013452,-0.691387,0.402344,-0.071289,0.926758,23.763,5.481,4.603,-0.674417,0.338585,-0.043863,-0.654674,-0.947021,0.232666,0.197754,-18.473,-6.496,-4.855,-54.036,0,1,0.000,0.000,0.0,0.000,0.000
509423,-0.313528,-0.649824,0.012284,-0.692300,0.408203,-0.072754,0.928467,23.412,5.573,4.885,-0.673832,0.339614,-0.043307,-0.654780,-0.948242,0.221924,0.196777,-18.511,-6.954,-5.473,-52.917,0,1,0.000,0.000,0.0,0.000,0.000
509433,-0.311992,-0.649640,0.011091,-0.693186,0.407471,-0.070557,0.924805,23.603,5.321,4.550,-0.673260,0.340630,-0.042793,-0.654875,-0.947754,0.218018,0.212646,-18.130,-6.626,-5.542,-50.077,0,1,0.000,0.000,0.0,0.000,0.000
509444,-0.310379,-0.649469,0.009827,-0.694088,0.411621,-0.069336,0.926025,24.794,5.573,4.687,-0.672665,0.341634,-0.042305,-0.654995,-0.954102,0.220703,0.203613,-17.870,-6.611,-5.076,-51.588,37,1,0.000,0.000,0.0,0.000,0.000
509454,-0.308747,-0.649326,0.008507,-0.694966,0.404297,-0.061523,0.928467,25.450,5.359,4.420,-0.672122,0.342509,-0.041963,-0.655117,-0.945312,0.208984,0.172607,-15.252,-6.656,-4.718,-54.237,27,1,0.000,0.000,0.0,0.000,0.000
509463,-0.307116,-0.649205,0.007152,-0.695817,0.407471,-0.057129,0.930420,25.809,5.084,4.084,-0.671535,0.343420,-0.041634,-0.655263,-0.948486,0.220947,0.168701,-15.695,-6.313,-4.237,-56.151,74,1,0.000,0.000,0.0,0.000,0.000
509473,-0.305512,-0.649060,0.005811,-0.696671,0.400879,-0.056885,0.922119,25.405,5.252,4.000,-0.670995,0.344227,-0.041433,-0.655405,-0.936279,0.224609,0.127197,-13.504,-6.221,-4.000,-64.007,28,1,0.000,0.000,0.0,0.000,0.000
509484,-0.303964,-0.648901,0.004559,-0.697504,0.404297,-0.051025,0.922119,24.237,4.878,4.160,-0.670392,0.345175,-0.041193,-0.655539,-0.938232,0.251465,0.175293,-15.771,-5.031,-4.061,-58.287,0,1,0.000,0.000,0.0,0.000,0.000
509494,-0.302457,-0.648706,0.003383,-0.698347,0.413086,-0.063721,0.926514,23.206,5.008,4.321,-0.669722,0.346179,-0.040844,-0.655717,-0.947266,0.263184,0.208008,-17.634,-5.351,-3.809,-55.613,0,1,0.000,0.000,0.0,0.000,0.000
509504,-0.300933,-0.648484,0.002232,-0.699216,0.418945,-0.066162,0.936279,23.031,5.313,4.718,-0.668978,0.347347,-0.040360,-0.655888,-0.952637,0.241455,0.234863,-20.191,-5.092,-3.939,-49.835,0,1,0.000,0.000,0.0,0.000,0.000
509514,-0.299426,-0.648246,0.001099,-0.700085,0.418945,-0.065918,0.933105,22.718,5.389,4.702,-0.668296,0.348415,-0.039861,-0.656047,-0.969971,0.215820,0.219482,-18.832,-6.176,-4.389,-48.559,0,1,0.000,0.000,0.0,0.000,0.000
509524,-0.297867,-0.648023,-0.000092,-0.700957,0.417480,-0.066162,0.936523,23.611,5.481,4.718,-0.667727,0.349326,-0.039450,-0.656167,-0.972412,0.191650,0.199951,-16.092,-6.786,-5.000,-47.827,16,1,0.000,0.000,0.0,0.000,0.000
509533,-0.296336,-0.647814,-0.001294,-0.701798,0.409424,-0.063477,0.935547,23.534,5.168,4.351,-0.667250,0.350067,-0.039168,-0.656274,-0.966064,0.199707,0.186523,-13.450,-7.061,-5.221,-50.837,33,1,0.000,0.000,0.0,0.000,0.000
509543,-0.294812,-0.647590,-0.002519,-0.702643,0.405762,-0.068115,0.928955,23.611,5.412,4.107,-0.666775,0.350676,-0.038988,-0.656442,-0.948975,0.226074,0.194580,-12.084,-7.282,-4.466,-53.475,34,1,0.000,0.000,0.0,0.000,0.000
509554,-0.293248,-0.647398,-0.003823,-0.703468,0.405273,-0.066650,0.929932,24.649,5.267,3.794,-0.666230,0.351374,-0.038842,-0.656631,-0.943359,0.240234,0.203125,-13.038,-6.252,-3.779,-53.884,34,1,0.000,0.000,0.0,0.000,0.000
509564,-0.291632,-0.647203,-0.005160,-0.704310,0.409668,-0.068848,0.929199,25.298,5.527,3.977,-0.665581,0.352226,-0.038641,-0.656845,-0.944580,0.237793,0.197266,-14.969,-5.595,-3.084,-54.559,39,1,0.000,0.000,0.0,0.000,0.000
509574,-0.290057,-0.647017,-0.006508,-0.705120,0.406494,-0.066406,0.925781,25.115,5.244,3.496,-0.664906,0.353134,-0.038311,-0.657061,-0.947021,0.240723,0.195801,-16.496,-6.137,-3.450,-54.978,17,1,0.000,0.000,0.0,0.000,0.000
509583,-0.288489,-0.646800,-0.007805,-0.705948,0.404297,-0.070068,0.928223,24.542,5.473,3.855,-0.664222,0.354088,-0.037890,-0.657263,-0.949463,0.237061,0.200195,-17.542,-6.412,-3.901,-54.136,5,1,0.000,0.000,0.0,0.000,0.000
509593,-0.286960,-0.646576,-0.009048,-0.706762,0.403809,-0.077637,0.931152,23.794,5.252,3.847,-0.663541,0.355070,-0.037440,-0.657447,-0.951416,0.226318,0.188965,-17.756,-6.458,-4.137,-54.906,3,1,0.000,0.000,0.0,0.000,0.000
509603,-0.285416,-0.646333,-0.010257,-0.707591,0.407471,-0.079346,0.931152,23.565,5.405,4.237,-0.662912,0.355994,-0.037007,-0.657607,-0.952637,0.229736,0.205811,-17.122,-6.565,-4.702,-53.015,0,1,0.000,0.000,0.0,0.000,0.000
509614,-0.283878,-0.646083,-0.011478,-0.708420,0.410156,-0.076660,0.932861,23.603,5.496,4.115,-0.662272,0.356908,-0.036578,-0.657780,-0.957031,0.229736,0.208984,-17.084,-6.626,-4.527,-52.406,9,1,0.000,0.000,0.0,0.000,0.000
509623,-0.282265,-0.645854,-0.012764,-0.709251,0.419678,-0.074219,0.937012,24.756,5.534,4.237,-0.661645,0.357806,-0.036181,-0.657945,-0.959473,0.226074,0.212646,-16.656,-6.481,-4.565,-51.282,30,1,0.000,0.000,0.0,0.000,0.000
509633,-0.280649,-0.645627,-0.014092,-0.710072,0.415283,-0.074707,0.932129,25.130,5.588,3.931,-0.661057,0.358611,-0.035843,-0.658116,-0.955078,0.225098,0.189209,-15.153,-6.855,-4.496,-54.533,45,1,0.000,0.000,0.0,0.000,0.000
509643,-0.279024,-0.645391,-0.015417,-0.710899,0.408203,-0.065918,0.929199,25.130,5.679,4.122,-0.660485,0.359346,-0.035562,-0.658304,-0.947754,0.222168,0.170166,-13.985,-7.122,-4.198,-56.608,53,1,0.000,0.000,0.0,0.000,0.000
519115,0.731219,0.101314,-0.532284,-0.414400,0.415771,-0.067627,0.918945,23.221,5.344,5.130,-0.130066,0.809185,0.144860,-0.554362,-0.943848,0.234619,0.178711,-15.122,-5.580,-4.908,-56.912,5,1,0.000,0.000,0.0,0.000,0.000
519125,0.731875,0.102358,-0.532284,-0.412983,0.414795,-0.071289,0.925781,23.198,5.191,5.244,-0.128678,0.808818,0.145634,-0.555019,-0.947266,0.241699,0.179687,-15.916,-5.969,-4.756,-57.775,7,1,0.000,0.000,0.0,0.000,0.000
519135,0.732539,0.103402,-0.532255,-0.411581,0.421387,-0.073730,0.921875,22.977,5.504,5.038,-0.127261,0.808482,0.146432,-0.555625,-0.951904,0.232178,0.181152,-16.511,-5.336,-4.756,-56.610,10,1,0.000,0.000,0.0,0.000,0.000
519145,0.733169,0.104533,-0.532277,-0.410143,0.416992,-0.072998,0.923340,24.198,5.298,4.756,-0.125794,0.808146,0.147254,-0.556230,-0.954834,0.231201,0.184326,-17.153,-5.420,-4.634,-55.957,7,1,0.000,0.000,0.0,0.000,0.000
519155,0.733808,0.105606,-0.532272,-0.408729,0.414795,-0.080811,0.919922,23.420,5.305,4.885,-0.124314,0.807796,0.148057,-0.556857,-0.955566,0.227051,0.187012,-17.115,-5.679,-4.313,-55.543,6,1,0.000,0.000,0.0,0.000,0.000
519165,0.734431,0.106696,-0.532257,-0.407346,0.415771,-0.073242,0.919922,23.351,5.313,4.473,-0.122829,0.807440,0.148866,-0.557488,-0.954834,0.227539,0.183838,-17.160,-5.771,-4.382,-55.616,14,1,0.000,0.000,0.0,0.000,0.000
519175,0.735068,0.107790,-0.532235,-0.405934,0.410400,-0.070557,0.924072,23.489,5.481,4.824,-0.121334,0.807063,0.149672,-0.558145,-0.954834,0.225098,0.191162,-17.214,-6.122,-4.198,-54.027,14,1,0.000,0.000,0.0,0.000,0.000
519185,0.735689,0.108930,-0.532223,-0.404517,0.408203,-0.069824,0.929199,23.962,5.496,4.557,-0.119864,0.806670,0.150492,-0.558809,-0.950928,0.223633,0.188477,-17.023,-6.267,-4.527,-54.173,24,1,0.000,0.000,0.0,0.000,0.000
519195,0.736311,0.110091,-0.532206,-0.403092,0.405273,-0.068359,0.920166,24.168,5.664,4.489,-0.118424,0.806277,0.151298,-0.559466,-0.948486,0.219971,0.196045,-16.718,-6.099,-4.504,-52.540,24,1,0.000,0.000,0.0,0.000,0.000
519205,0.736932,0.111223,-0.532171,-0.401690,0.405029,-0.072510,0.928955,23.687,5.634,4.473,-0.117006,0.805867,0.152041,-0.560153,-0.945801,0.223877,0.197266,-16.023,-6.359,-4.069,-53.079,13,1,0.000,0.000,0.0,0.000,0.000
519215,0.737543,0.112373,-0.532159,-0.400262,0.403076,-0.068848,0.926270,24.115,5.489,4.580,-0.115613,0.805435,0.152780,-0.560862,-0.952637,0.226807,0.189697,-15.656,-6.687,-4.282,-54.342,28,1,0.000,0.000,0.0,0.000,0.000
519225,0.738140,0.113529,-0.532144,-0.398853,0.402588,-0.071289,0.935791,24.046,5.435,4.344,-0.114230,0.805012,0.153516,-0.561552,-0.950439,0.221924,0.195801,-15.634,-6.389,-4.260,-52.935,28,1,0.000,0.000,0.0,0.000,0.000
519235,0.738728,0.114650,-0.532124,-0.397466,0.404297,-0.074951,0.932129,23.603,5.252,4.282,-0.112898,0.804583,0.154200,-0.562248,-0.947998,0.230225,0.193359,-14.763,-6.366,-4.168,-54.571,30,1,0.000,0.000,0.0,0.000,0.000
519245,0.739291,0.115797,-0.532129,-0.396078,0.406494,-0.073975,0.925293,23.985,5.023,4.008,-0.111556,0.804152,0.154891,-0.562942,-0.951172,0.229492,0.187012,-14.878,-6.389,-4.229,-55.395,29,1,0.000,0.000,0.0,0.000,0.000
519255,0.739860,0.116944,-0.532113,-0.394699,0.409180,-0.083740,0.928711,23.832,5.267,3.878,-0.110183,0.803722,0.155591,-0.563633,-0.950928,0.229736,0.187256,-15.221,-6.420,-4.122,-55.969,27,1,0.000,0.000,0.0,0.000,0.000
519265,0.740414,0.118118,-0.532115,-0.393305,0.408447,-0.081543,0.923096,24.244,5.176,3.794,-0.108761,0.803317,0.156299,-0.564290,-0.952881,0.235107,0.182617,-15.779,-6.084,-3.954,-57.210,25,1,0.000,0.000,0.0,0.000,0.000
519275,0.740951,0.119316,-0.532137,-0.391899,0.410156,-0.087402,0.929932,24.641,5.031,3.687,-0.107328,0.802911,0.157050,-0.564934,-0.951416,0.234863,0.189209,-16.214,-6.015,-4.229,-56.514,24,1,0.000,0.000,0.0,0.000,0.000
519285,0.741488,0.120512,-0.532161,-0.390484,0.412354,-0.087402,0.923096,24.687,5.046,3.725,-0.105845,0.802493,0.157821,-0.565592,-0.951172,0.235596,0.181641,-16.718,-6.351,-4.176,-57.777,24,1,0.000,0.000,0.0,0.000,0.000
519295,0.742019,0.121691,-0.532186,-0.389073,0.413086,-0.088623,0.930420,24.527,4.908,3.786,-0.104336,0.802089,0.158625,-0.566220,-0.951904,0.237061,0.187988,-17.267,-6.053,-4.275,-57.027,24,1,0.000,0.000,0.0,0.000,0.000
519305,0.742565,0.122887,-0.532203,-0.387629,0.416260,-0.084961,0.925537,24.817,5.206,4.000,-0.102832,0.801678,0.159446,-0.566846,-0.946045,0.234131,0.181396,-17.305,-6.099,-4.511,-57.478,18,1,0.000,0.000,0.0,0.000,0.000
519315,0.743111,0.124069,-0.532217,-0.386183,0.418701,-0.079102,0.926514,24.702,5.145,4.122,-0.101327,0.801248,0.160251,-0.567498,-0.949707,0.238525,0.185059,-17.137,-6.450,-4.359,-57.074,21,1,0.000,0.000,0.0,0.000,0.000
519325,0.743658,0.125260,-0.532234,-0.384719,0.413818,-0.075928,0.924561,24.893,5.183,4.275,-0.099856,0.800804,0.161068,-0.568154,-0.953857,0.229004,0.185547,-16.916,-6.473,-4.664,-55.679,16,1,0.000,0.000,0.0,0.000,0.000
519335,0.744200,0.126452,-0.532242,-0.383268,0.410400,-0.076172,0.926514,24.779,5.198,4.160,-0.098439,0.800349,0.161873,-0.568813,-0.948486,0.233398,0.179932,-16.290,-6.489,-4.992,-57.071,17,1,0.000,0.000,0.0,0.000,0.000
519345,0.744739,0.127616,-0.532245,-0.381828,0.411621,-0.075439,0.921875,24.450,5.092,4.191,-0.097066,0.799859,0.162680,-0.569507,-0.948975,0.227051,0.186523,-15.840,-6.901,-5.229,-55.275,16,1,0.000,0.000,0.0,0.000,0.000
519355,0.745269,0.128820,-0.532237,-0.380398,0.406982,-0.068604,0.931152,24.679,5.252,3.916,-0.095729,0.799369,0.163457,-0.570200,-0.951416,0.223389,0.189453,-15.359,-6.763,-5.153,-53.913,16,1,0.000,0.000,0.0,0.000,0.000
519365,0.745806,0.130017,-0.532215,-0.378969,0.406250,-0.071777,0.929443,24.542,5.382,3.947,-0.094423,0.798865,0.164220,-0.570903,-0.954590,0.228271,0.188721,-14.916,-6.901,-5.267,-54.834,18,1,0.000,0.000,0.0,0.000,0.000
519375,0.746334,0.131205,-0.532204,-0.377532,0.410889,-0.072021,0.932129,24.573,5.221,4.023,-0.093059,0.798373,0.164970,-0.571599,-0.955566,0.234863,0.194092,-15.389,-6.855,-4.763,-54.848,10,1,0.000,0.000,0.0,0.000,0.000
519385,0.746852,0.132376,-0.532196,-0.376106,0.407471,-0.070068,0.935547,24.382,5.031,4.038,-0.091661,0.797904,0.165724,-0.572261,-0.948975,0.228760,0.190674,-15.817,-6.458,-4.557,-54.472,8,1,0.000,0.000,0.0,0.000,0.000
519395,0.747374,0.133542,-0.532185,-0.374670,0.405029,-0.073242,0.937500,24.374,5.076,4.183,-0.090260,0.797447,0.166451,-0.572909,-0.955566,0.231445,0.184326,-15.672,-6.237,-4.366,-55.933,16,1,0.000,0.000,0.0,0.000,0.000
519405,0.747886,0.134709,-0.532184,-0.373229,0.408691,-0.071289,0.925293,24.481,4.954,4.130,-0.088836,0.796990,0.167249,-0.573536,-0.947021,0.226318,0.188965,-16.427,-6.130,-4.817,-54.545,17,1,0.000,0.000,0.0,0.000,0.000
519415,0.748398,0.135903,-0.532182,-0.371771,0.403809,-0.074463,0.930664,24.802,5.107,4.145,-0.087372,0.796528,0.168043,-0.574170,-0.950684,0.231689,0.189697,-16.733,-6.321,-4.542,-55.265,24,1,0.000,0.000,0.0,0.000,0.000
519425,0.748907,0.137070,-0.532161,-0.370345,0.403564,-0.070801,0.923096,24.290,5.084,3.992,-0.085864,0.796072,0.168848,-0.574793,-0.948975,0.231201,0.195068,-17.260,-6.252,-4.298,-54.231,24,1,0.000,0.000,0.0,0.000,0.000
519435,0.749425,0.138240,-0.532129,-0.368905,0.404785,-0.066650,0.926514,24.344,5.260,4.137,-0.084364,0.795616,0.169671,-0.575403,-0.950195,0.228271,0.193604,-17.328,-6.130,-4.527,-53.812,26,1,0.000,0.000,0.0,0.000,0.000
519445,0.749942,0.139384,-0.532098,-0.367465,0.405273,-0.072754,0.927246,24.130,5.153,4.267,-0.082879,0.795153,0.170480,-0.576020,-0.952148,0.231445,0.194336,-17.069,-6.198,-4.527,-54.467,10,1,0.000,0.000,0.0,0.000,0.000
519455,0.750476,0.140561,-0.532046,-0.366000,0.403076,-0.069336,0.922607,24.435,5.603,4.328,-0.081409,0.794677,0.171256,-0.576656,-0.949707,0.226562,0.192871,-16.679,-6.359,-4.313,-53.890,16,1,0.000,0.000,0.0,0.000,0.000
519465,0.751016,0.141738,-0.531990,-0.364515,0.405273,-0.079590,0.925049,24.534,5.756,4.466,-0.079976,0.794184,0.172027,-0.577307,-0.952148,0.230469,0.194824,-16.260,-6.557,-4.542,-54.708,11,1,0.000,0.000,0.0,0.000,0.000
519475,0.751553,0.142873,-0.531932,-0.363047,0.403320,-0.078125,0.930420,24.061,5.527,4.611,-0.078580,0.793687,0.172778,-0.577957,-0.950928,0.231445,0.191406,-15.771,-6.489,-4.656,-55.209,8,1,0.000,0.000,0.0,0.000,0.000
519485,0.752092,0.144025,-0.531878,-0.361552,0.404053,-0.075928,0.932129,24.382,5.611,4.756,-0.077188,0.793199,0.173537,-0.578586,-0.957031,0.231201,0.192627,-15.840,-6.221,-4.740,-54.857,9,1,0.000,0.000,0.0,0.000,0.000
519495,0.752624,0.145160,-0.531817,-0.360077,0.405029,-0.074463,0.932861,24.076,5.527,4.656,-0.075766,0.792716,0.174305,-0.579205,-0.957031,0.234619,0.190674,-16.176,-6.183,-4.672,-55.463,16,1,0.000,0.000,0.0,0.000,0.000
519505,0.753166,0.146272,-0.531750,-0.358592,0.404785,-0.071533,0.938232,23.908,5.542,4.954,-0.074293,0.792231,0.175089,-0.579822,-0.951416,0.230469,0.187744,-16.748,-6.290,-4.489,-55.193,12,1,0.000,0.000,0.0,0.000,0.000
519515,0.753694,0.147378,-0.531705,-0.357092,0.403564,-0.074219,0.936768,24.046,5.282,5.084,-0.072852,0.791751,0.175870,-0.580425,-0.948730,0.224854,0.192871,-16.519,-6.008,-4.588,-53.908,9,1,0.000,0.000,0.0,0.000,0.000
519525,0.754232,0.148509,-0.531642,-0.355579,0.402100,-0.075195,0.929199,24.260,5.626,5.038,-0.071460,0.791273,0.176614,-0.581023,-0.949707,0.231689,0.184814,-15.771,-5.870,-4.718,-56.048,9,1,0.000,0.000,0.0,0.000,0.000
519535,0.754774,0.149639,-0.531572,-0.354057,0.405029,-0.078125,0.932617,24.267,5.733,5.099,-0.070077,0.790799,0.177377,-0.581604,-0.947754,0.231689,0.184570,-15.855,-5.695,-4.939,-56.247,10,1,0.000,0.000,0.0,0.000,0.000
519545,0.755310,0.150781,-0.531519,-0.352505,0.410156,-0.083008,0.931396,24.641,5.695,5.229,-0.068679,0.790404,0.178203,-0.582056,-0.945312,0.235107,0.187988,-16.733,-4.076,-5.359,-56.448,19,1,0.000,0.000,0.0,0.000,0.000
519555,0.755835,0.151924,-0.531456,-0.350980,0.412354,-0.081055,0.927246,24.466,5.672,4.893,-0.067261,0.789933,0.178948,-0.582632,-0.958008,0.225830,0.188965,-16.107,-5.626,-4.489,-55.075,18,1,0.000,0.000,0.0,0.000,0.000
519565,0.756328,0.153122,-0.531414,-0.349457,0.414551,-0.074707,0.926758,25.069,5.496,4.481,-0.065822,0.789448,0.179743,-0.583208,-0.950439,0.227295,0.186768,-16.603,-5.809,-4.847,-55.199,25,1,0.000,0.000,0.0,0.000,0.000
519575,0.756813,0.154336,-0.531386,-0.347914,0.413086,-0.076172,0.928711,25.397,5.420,4.565,-0.064305,0.788966,0.180523,-0.583789,-0.949951,0.229492,0.179932,-17.160,-6.015,-4.275,-56.591,26,1,0.000,0.000,0.0,0.000,0.000
519585,0.757285,0.155538,-0.531349,-0.346404,0.415771,-0.071533,0.921631,25.076,5.336,4.260,-0.062802,0.788483,0.181326,-0.584355,-0.945801,0.229492,0.180176,-17.214,-5.870,-4.580,-56.302,20,1,0.000,0.000,0.0,0.000,0.000
519595,0.757771,0.156726,-0.531282,-0.344904,0.420654,-0.072266,0.924561,24.763,5.603,4.229,-0.061324,0.787996,0.182081,-0.584934,-0.951416,0.229736,0.180664,-16.634,-5.916,-4.328,-56.288,26,1,0.000,0.000,0.0,0.000,0.000
519605,0.758252,0.157874,-0.531206,-0.343439,0.411621,-0.071289,0.925049,24.145,5.405,4.206,-0.059877,0.787483,0.182811,-0.585547,-0.950684,0.229980,0.181641,-16.115,-6.305,-4.328,-56.105,16,1,0.000,0.000,0.0,0.000,0.000
520169,0.782572,0.220562,-0.522632,-0.256493,0.408447,-0.081055,0.920166,23.298,5.298,4.359,0.026100,0.753136,0.222989,-0.618370,-0.943359,0.229736,0.191162,-15.977,-6.221,-3.901,-55.270,4,1,0.000,0.000,0.0,0.000,0.000
520179,0.782883,0.221675,-0.522437,-0.254979,0.404297,-0.078125,0.925537,23.916,5.374,4.160,0.027534,0.752465,0.223632,-0.618891,-0.942871,0.228027,0.197998,-15.679,-6.267,-4.183,-53.857,9,1,0.000,0.000,0.0,0.000,0.000
520189,0.783187,0.222758,-0.522261,-0.253456,0.406250,-0.072510,0.922852,23.756,5.099,4.443,0.028946,0.751794,0.224257,-0.619416,-0.947510,0.229248,0.189941,-15.328,-6.290,-4.313,-54.849,20,1,0.000,0.000,0.0,0.000,0.000
520199,0.783481,0.223876,-0.522069,-0.251956,0.408691,-0.074463,0.928467,23.924,5.221,3.962,0.030385,0.751089,0.224894,-0.619971,-0.946289,0.229980,0.194092,-15.588,-6.832,-4.282,-54.423,8,1,0.000,0.000,0.0,0.000,0.000
520209,0.783779,0.224989,-0.521868,-0.250446,0.404297,-0.077637,0.932861,23.885,5.336,4.092,0.031801,0.750412,0.225533,-0.620488,-0.951416,0.223877,0.194336,-15.527,-6.214,-4.344,-53.798,5,1,0.000,0.000,0.0,0.000,0.000
520219,0.784086,0.226120,-0.521651,-0.248915,0.409424,-0.079346,0.926270,24.107,5.672,4.099,0.033270,0.749715,0.226192,-0.621014,-0.956055,0.224365,0.182861,-16.053,-6.595,-4.351,-55.715,9,1,0.000,0.000,0.0,0.000,0.000
520229,0.784388,0.227230,-0.521437,-0.247398,0.410889,-0.084717,0.924316,23.855,5.527,4.046,0.034708,0.749024,0.226850,-0.621528,-0.955566,0.235596,0.183594,-15.771,-6.450,-4.634,-57.308,16,1,0.000,0.000,0.0,0.000,0.000
520239,0.784670,0.228369,-0.521243,-0.245858,0.409180,-0.081055,0.936523,24.351,5.359,4.153,0.036196,0.748339,0.227524,-0.622022,-0.957520,0.234375,0.181885,-16.374,-6.359,-4.420,-57.134,22,1,0.000,0.000,0.0,0.000,0.000
520249,0.784953,0.229515,-0.521040,-0.244313,0.409180,-0.076904,0.927490,24.420,5.466,4.122,0.037706,0.747663,0.228222,-0.622490,-0.958008,0.234619,0.181152,-16.786,-6.107,-4.443,-57.068,17,1,0.000,0.000,0.0,0.000,0.000
520259,0.785231,0.230658,-0.520827,-0.242792,0.406250,-0.079102,0.928467,24.214,5.450,3.901,0.039208,0.746994,0.228897,-0.622952,-0.953369,0.239746,0.184814,-16.565,-6.031,-4.290,-57.242,8,1,0.000,0.000,0.0,0.000,0.000
520269,0.785508,0.231784,-0.520621,-0.241264,0.408203,-0.077637,0.929932,24.145,5.359,4.084,0.040696,0.746319,0.229591,-0.623410,-0.954346,0.236084,0.189209,-16.634,-5.939,-4.496,-56.062,8,1,0.000,0.000,0.0,0.000,0.000
520279,0.785789,0.232886,-0.520402,-0.239754,0.407715,-0.073486,0.932373,23.748,5.366,4.076,0.042201,0.745630,0.230290,-0.623876,-0.953857,0.232178,0.191406,-16.817,-6.122,-4.405,-55.005,12,1,0.000,0.000,0.0,0.000,0.000
520289,0.786076,0.233960,-0.520187,-0.238227,0.409912,-0.078369,0.927734,23.611,5.359,4.359,0.043686,0.744967,0.230951,-0.624322,-0.950195,0.233398,0.189453,-16.405,-5.740,-4.191,-55.762,10,1,0.000,0.000,0.0,0.000,0.000
520299,0.786366,0.235056,-0.519959,-0.236687,0.407959,-0.075928,0.927734,23.824,5.580,4.359,0.045126,0.744272,0.231605,-0.624805,-0.939697,0.221924,0.193848,-15.947,-6.076,-4.397,-53.542,16,1,0.000,0.000,0.0,0.000,0.000
520309,0.786642,0.236154,-0.519742,-0.235147,0.406006,-0.084473,0.924316,23.908,5.427,4.290,0.046516,0.743643,0.232269,-0.625206,-0.928223,0.226318,0.191162,-15.748,-4.824,-4.702,-55.035,9,1,0.000,0.000,0.0,0.000,0.000
520319,0.786925,0.237227,-0.519520,-0.233604,0.405518,-0.080811,0.921875,23.672,5.450,4.496,0.047932,0.742959,0.232906,-0.625675,-0.958984,0.221924,0.192383,-15.656,-5.824,-4.443,-54.088,4,1,0.000,0.000,0.0,0.000,0.000
520329,0.787190,0.238347,-0.519318,-0.232016,0.405029,-0.076904,0.925049,24.450,5.397,4.649,0.049322,0.742242,0.233557,-0.626176,-0.949707,0.227295,0.188721,-15.427,-6.305,-4.954,-55.050,18,1,0.000,0.000,0.0,0.000,0.000
520339,0.787466,0.239468,-0.519089,-0.230433,0.407959,-0.076904,0.930176,24.336,5.679,4.565,0.050763,0.741518,0.234222,-0.626669,-0.948242,0.235352,0.193359,-15.977,-6.450,-4.725,-55.321,24,1,0.000,0.000,0.0,0.000,0.000
520349,0.787728,0.240591,-0.518872,-0.228849,0.414062,-0.075928,0.928467,24.427,5.519,4.511,0.052216,0.740815,0.234884,-0.627133,-0.952637,0.231445,0.190674,-16.145,-6.084,-4.573,-55.192,17,1,0.000,0.000,0.0,0.000,0.000
520359,0.787980,0.241724,-0.518661,-0.227260,0.408936,-0.079834,0.929443,24.580,5.443,4.504,0.053678,0.740128,0.235534,-0.627578,-0.948486,0.229736,0.184326,-16.145,-5.847,-4.420,-56.168,16,1,0.000,0.000,0.0,0.000,0.000
520369,0.788223,0.242885,-0.518451,-0.225655,0.405762,-0.072754,0.927734,24.954,5.473,4.527,0.055138,0.739446,0.236215,-0.627999,-0.954102,0.233643,0.179199,-16.382,-5.634,-4.794,-56.997,17,1,0.000,0.000,0.0,0.000,0.000
520379,0.788459,0.244026,-0.518247,-0.224061,0.407471,-0.073975,0.936768,24.725,5.298,4.550,0.056626,0.738729,0.236939,-0.628436,-0.956055,0.229248,0.177246,-16.924,-6.046,-5.053,-56.805,20,1,0.000,0.000,0.0,0.000,0.000
520389,0.788710,0.245154,-0.518018,-0.222473,0.408936,-0.071289,0.931152,24.473,5.550,4.542,0.058141,0.738024,0.237660,-0.628854,-0.955566,0.231689,0.179687,-17.168,-5.878,-4.794,-56.583,18,1,0.000,0.000,0.0,0.000,0.000
520399,0.788940,0.246268,-0.517817,-0.220886,0.414307,-0.073975,0.930420,24.473,5.168,4.573,0.059666,0.737304,0.238375,-0.629285,-0.957520,0.230469,0.189453,-17.229,-6.069,-4.580,-55.124,16,1,0.000,0.000,0.0,0.000,0.000
520409,0.789179,0.247372,-0.517588,-0.219330,0.419189,-0.069336,0.924561,24.115,5.351,4.275,0.061181,0.736608,0.239068,-0.629692,-0.951416,0.229004,0.189941,-17.053,-5.679,-4.382,-54.616,21,1,0.000,0.000,0.0,0.000,0.000
520419,0.789420,0.248456,-0.517362,-0.217767,0.411133,-0.066162,0.926025,23.962,5.282,4.557,0.062658,0.735900,0.239736,-0.630121,-0.954102,0.228760,0.186279,-16.489,-5.870,-4.542,-54.931,20,1,0.000,0.000,0.0,0.000,0.000
520429,0.789647,0.249553,-0.517128,-0.216238,0.408691,-0.067871,0.931396,23.878,5.206,4.137,0.064153,0.735183,0.240366,-0.630567,-0.944580,0.228760,0.186035,-16.321,-6.160,-4.145,-55.049,20,1,0.000,0.000,0.0,0.000,0.000
520439,0.789875,0.250635,-0.516898,-0.214699,0.404297,-0.065186,0.926758,23.809,5.153,4.359,0.065598,0.734448,0.240976,-0.631042,-0.947754,0.222900,0.189941,-15.725,-6.359,-4.321,-53.588,17,1,0.000,0.000,0.0,0.000,0.000
520449,0.790100,0.251760,-0.516649,-0.213147,0.401855,-0.065186,0.923584,24.221,5.443,4.168,0.067025,0.733710,0.241568,-0.631524,-0.947998,0.225586,0.194824,-15.435,-6.389,-4.275,-53.222,17,1,0.000,0.000,0.0,0.000,0.000
520459,0.790324,0.252893,-0.516393,-0.211592,0.405273,-0.066895,0.934082,24.298,5.542,4.137,0.068444,0.732973,0.242129,-0.632013,-0.949707,0.227783,0.187256,-15.107,-6.496,-4.214,-54.673,24,1,0.000,0.000,0.0,0.000,0.000
520469,0.790538,0.254010,-0.516138,-0.210074,0.410645,-0.068359,0.934082,23.969,5.328,3.832,0.069869,0.732255,0.242704,-0.632468,-0.951904,0.225342,0.188232,-15.336,-6.061,-4.191,-54.313,25,1,0.000,0.000,0.0,0.000,0.000
520479,0.790738,0.255148,-0.515878,-0.208572,0.409424,-0.071777,0.935791,24.092,5.305,3.504,0.071268,0.731514,0.243240,-0.632963,-0.955811,0.229248,0.187256,-14.733,-6.542,-4.206,-55.143,24,1,0.000,0.000,0.0,0.000,0.000
520489,0.790933,0.256296,-0.515622,-0.207055,0.408691,-0.069336,0.931885,24.290,5.305,3.595,0.072649,0.730799,0.243737,-0.633441,-0.956787,0.224854,0.189453,-14.351,-6.153,-3.870,-54.139,26,1,0.000,0.000,0.0,0.000,0.000
520499,0.791119,0.257439,-0.515365,-0.205558,0.411133,-0.078125,0.930664,24.145,5.237,3.344,0.074055,0.730094,0.244239,-0.633897,-0.954346,0.229492,0.186768,-14.626,-6.015,-3.779,-55.659,25,1,0.000,0.000,0.0,0.000,0.000
520509,0.791300,0.258567,-0.515114,-0.204071,0.411133,-0.086182,0.927002,23.977,5.107,3.298,0.075492,0.729389,0.244722,-0.634353,-0.953369,0.228271,0.183594,-14.740,-6.130,-3.435,-56.502,25,1,0.000,0.000,0.0,0.000,0.000
520519,0.791475,0.259698,-0.514869,-0.202566,0.415283,-0.087158,0.927734,24.137,5.099,3.420,0.076979,0.728671,0.245246,-0.634797,-0.956055,0.234863,0.180420,-15.481,-6.290,-3.565,-57.836,35,1,0.000,0.000,0.0,0.000,0.000
520529,0.791648,0.260853,-0.514613,-0.201054,0.417236,-0.085449,0.924072,24.382,5.267,3.290,0.078506,0.727967,0.245834,-0.635190,-0.948730,0.235107,0.177490,-16.389,-5.840,-3.771,-58.233,24,1,0.000,0.000,0.0,0.000,0.000
520539,0.791822,0.261998,-0.514367,-0.199504,0.416992,-0.086914,0.926758,24.542,5.275,3.725,0.080065,0.727240,0.246465,-0.635584,-0.946045,0.239014,0.172852,-16.962,-6.122,-4.069,-59.484,20,1,0.000,0.000,0.0,0.000,0.000
520549,0.791989,0.263132,-0.514130,-0.197954,0.417480,-0.085693,0.927002,24.473,5.115,3.809,0.081632,0.726484,0.247148,-0.635984,-0.951660,0.241699,0.186523,-17.466,-6.298,-4.374,-57.624,18,1,0.000,0.000,0.0,0.000,0.000
520559,0.792153,0.264236,-0.513906,-0.196401,0.420166,-0.087158,0.927490,24.244,4.939,4.023,0.083196,0.725717,0.247839,-0.636388,-0.949463,0.238770,0.178711,-17.481,-6.420,-4.603,-58.555,16,1,0.000,0.000,0.0,0.000,0.000
520569,0.792322,0.265351,-0.513664,-0.194845,0.414795,-0.088623,0.929932,24.305,5.153,3.985,0.084740,0.724946,0.248539,-0.636790,-0.949707,0.230957,0.183838,-17.427,-6.282,-4.702,-56.925,10,1,0.000,0.000,0.0,0.000,0.000
520579,0.792501,0.266470,-0.513406,-0.193262,0.413818,-0.080566,0.922119,24.435,5.427,4.198,0.086236,0.724138,0.249221,-0.637240,-0.952393,0.232178,0.189941,-16.824,-6.802,-4.992,-55.707,8,1,0.000,0.000,0.0,0.000,0.000
520589,0.792659,0.267589,-0.513177,-0.191670,0.413330,-0.080811,0.927979,24.595,5.069,4.344,0.087694,0.723350,0.249853,-0.637690,-0.954102,0.228516,0.179932,-16.099,-6.626,-4.916,-56.760,18,1,0.000,0.000,0.0,0.000,0.000
520599,0.792814,0.268715,-0.512943,-0.190075,0.407715,-0.073486,0.924316,24.672,5.084,4.389,0.089100,0.722547,0.250469,-0.638163,-0.949707,0.224121,0.190430,-15.565,-6.710,-5.053,-54.192,9,1,0.000,0.000,0.0,0.000,0.000
520609,0.792949,0.269857,-0.512713,-0.188504,0.402100,-0.074463,0.926758,24.740,4.878,4.084,0.090459,0.721730,0.251067,-0.638662,-0.943604,0.223145,0.190186,-14.985,-6.908,-5.328,-54.153,10,1,0.000,0.000,0.0,0.000,0.000
520619,0.793080,0.271028,-0.512466,-0.186937,0.402100,-0.068604,0.933594,24.939,5.038,3.870,0.091810,0.720894,0.251644,-0.639186,-0.948730,0.218262,0.190918,-14.733,-7.221,-5.252,-53.026,17,1,0.000,0.000,0.0,0.000,0.000
520629,0.793215,0.272181,-0.512205,-0.185399,0.402100,-0.069580,0.927734,24.565,5.069,3.656,0.093158,0.720080,0.252177,-0.639698,-0.946045,0.225342,0.195312,-14.397,-7.023,-4.855,-53.372,8,1,0.000,0.000,0.0,0.000,0.000
520639,0.793350,0.273330,-0.511939,-0.183863,0.407959,-0.074707,0.930664,24.504,5.122,3.588,0.094534,0.719262,0.252701,-0.640209,-0.953857,0.220459,0.191895,-14.588,-7.115,-4.611,-53.552,18,1,0.000,0.000,0.0,0.000,0.000
520649,0.793460,0.274517,-0.511683,-0.182323,0.406738,-0.075195,0.925781,24.969,4.992,3.374,0.095988,0.718384,0.253241,-0.640765,-0.973145,0.231689,0.189209,-15.229,-8.237,-4.573,-55.407,25,1,0.000,0.000,0.0,0.000,0.000
520659,0.793566,0.275726,-0.511414,-0.180785,0.407959,-0.076416,0.929687,25.145,5.122,3.183,0.097480,0.717546,0.253821,-0.641248,-0.939209,0.231689,0.188965,-16.015,-7.420,-4.435,-55.498,25,1,0.000,0.000,0.0,0.000,0.000
